-- phpMyAdmin SQL Dump
-- version 4.8.5
-- https://www.phpmyadmin.net/
--
-- Хост: 127.0.0.1:3306
-- Время создания: Сен 03 2020 г., 14:10
-- Версия сервера: 8.0.15
-- Версия PHP: 7.3.2

SET SQL_MODE = "NO_AUTO_VALUE_ON_ZERO";
SET AUTOCOMMIT = 0;
START TRANSACTION;
SET time_zone = "+00:00";


/*!40101 SET @OLD_CHARACTER_SET_CLIENT=@@CHARACTER_SET_CLIENT */;
/*!40101 SET @OLD_CHARACTER_SET_RESULTS=@@CHARACTER_SET_RESULTS */;
/*!40101 SET @OLD_COLLATION_CONNECTION=@@COLLATION_CONNECTION */;
/*!40101 SET NAMES utf8mb4 */;

--
-- База данных: `corp2`
--

-- --------------------------------------------------------

--
-- Структура таблицы `articles`
--

CREATE TABLE `articles` (
  `id` bigint(20) UNSIGNED NOT NULL,
  `title` varchar(255) COLLATE utf8mb4_unicode_ci NOT NULL,
  `desc` text COLLATE utf8mb4_unicode_ci NOT NULL,
  `text` text COLLATE utf8mb4_unicode_ci NOT NULL,
  `img` varchar(255) COLLATE utf8mb4_unicode_ci NOT NULL,
  `user_id` bigint(20) UNSIGNED NOT NULL,
  `category_id` bigint(20) UNSIGNED NOT NULL,
  `created_at` timestamp NULL DEFAULT NULL,
  `updated_at` timestamp NULL DEFAULT NULL
) ENGINE=InnoDB DEFAULT CHARSET=utf8mb4 COLLATE=utf8mb4_unicode_ci;

--
-- Дамп данных таблицы `articles`
--

INSERT INTO `articles` (`id`, `title`, `desc`, `text`, `img`, `user_id`, `category_id`, `created_at`, `updated_at`) VALUES
(1, 'Section shortcodes &amp; sticky posts!', 'Fusce nec accumsan eros. Aenean ac orci a magna vestibulum posuere quis nec nisi. Maecenas rutrum vehicula condimentum. Donec volutpat nisl ac mauris consectetur gravida.\r\n\r\nLorem ipsum dolor sit amet, consectetur adipiscing elit. Donec vel vulputate nibh. Pellentesque habitant morbi tristique senectus et netus et malesuada fames ac turpis egestas.\r\n\r\nIn facilisis ornare arcu, sodales facilisis neque blandit ac. Ut blandit ipsum quis arcu adipiscing sit amet semper sem feugiat. Nam sed dapibus arcu. Nullam eleifend molestie lectus. Nullam nec risus purus.', '<p>Fusce rutrum lectus id nibh ullamcorper aliquet. Pellentesque pretium mauris et augue fringilla non bibendum turpis iaculis. Donec sit amet nunc lorem. Sed fringilla vehicula est at pellentesque. Aenean imperdiet elementum arcu id facilisis. Mauris sed leo eros.</p>\\n<p>Duis nulla purus, malesuada in gravida sed, viverra at elit. Praesent nec purus sem, non imperdiet quam. Praesent tincidunt tortor eu libero scelerisque quis consequat justo elementum. Maecenas aliquet facilisis ipsum, commodo eleifend odio ultrices et. Maecenas arcu arcu, luctus a laoreet et, fermentum vel lectus. Cras consectetur ipsum venenatis ligula aliquam hendrerit. Suspendisse rhoncus hendrerit fermentum. Ut eget rhoncus purus.</p>\\n<p>Cras a tellus eu justo lobortis tristique et nec mauris. Etiam tincidunt tellus ut odio elementum adipiscing. Maecenas cursus dolor sit amet leo elementum ut semper velit lobortis. Pellentesque posue</p>\', \'Fusce nec accumsan eros. Aenean ac orci a magna vestibulum posuere quis nec nisi. Maecenas rutrum vehicula condimentum. Donec volutpat nisl ac mauris consectetur gravida.\\r\\n\\r\\nLorem ipsum dolor sit amet, consectetur adipiscing elit. Donec vel vulputate nibh. Pellentesque habitant morbi tristique senectus et netus et malesuada fames ac turpis egestas.\\r\\n\\r\\nIn facilisis ornare arcu, sodales facilisis neque blandit ac. Ut blandit ipsum quis arcu adipiscing sit amet semper sem feugiat. Nam sed dapibus arcu. Nullam eleifend molestie lectus. Nullam nec risus purus', '{\"mini\":\"articles\\/003-55x55.jpg \",\"max\":\"articles\\/003-816x282.jpg \",\"path\":\"articles\\/0081-700x345.jpg\"}', 1, 1, '2020-08-18 21:00:00', NULL),
(2, 'Nice &amp; Clean. The best for your blog!', 'Fusce nec accumsan eros. Aenean ac orci a magna vestibulum posuere quis nec nisi. Maecenas rutrum vehicula condimentum. Donec volutpat nisl ac mauris consectetur gravida.Lorem ipsum dolor sit amet, consectetur adipiscing elit. Donec vel vulputate nibh. Pellentesque habitant morbi tristique senectus et netus et malesuada fames ac turpis egestas.In facilisis ornare arcu, sodales facilisis neque blandit ac. Ut blandit ipsum quis arcu adipiscing sit amet semper sem feugiat. Nam sed dapibus arcu. Nullam eleifend molestie lectus. Nullam nec risus purus.', '<p>Fusce rutrum lectus id nibh ullamcorper aliquet. Pellentesque pretium mauris et augue fringilla non bibendum turpis iaculis. Donec sit amet nunc lorem. Sed fringilla vehicula est at pellentesque. Aenean imperdiet elementum arcu id facilisis. Mauris sed leo eros.</p>\r\n\r\n<p>\\n</p>\r\n\r\n<p>Duis nulla purus, malesuada in gravida sed, viverra at elit. Praesent nec purus sem, non imperdiet quam. Praesent tincidunt tortor eu libero scelerisque quis consequat justo elementum. Maecenas aliquet facilisis ipsum, commodo eleifend odio ultrices et. Maecenas arcu arcu, luctus a laoreet et, fermentum vel lectus. Cras consectetur ipsum venenatis ligula aliquam hendrerit. Suspendisse rhoncus hendrerit fermentum. Ut eget rhoncus purus.</p>\r\n\r\n<p>\\n</p>\r\n\r\n<p>Cras a tellus eu justo lobortis tristique et nec mauris. Etiam tincidunt tellus ut odio elementum adipiscing. Maecenas cursus dolor sit amet leo elementum ut semper velit lobortis. Pellentesque posue</p>\r\n\r\n<p>&#39;, &#39;Fusce nec accumsan eros. Aenean ac orci a magna vestibulum posuere quis nec nisi. Maecenas rutrum vehicula condimentum. Donec volutpat nisl ac mauris consectetur gravida.\\r\\n\\r\\nLorem ipsum dolor sit amet, consectetur adipiscing elit. Donec vel vulputate nibh. Pellentesque habitant morbi tristique senectus et netus et malesuada fames ac turpis egestas.\\r\\n\\r\\nIn facilisis ornare arcu, sodales facilisis neque blandit ac. Ut blandit ipsum quis arcu adipiscing sit amet semper sem feugiat. Nam sed dapibus arcu. Nullam eleifend molestie lectus. Nullam nec risus purus</p>', '{\"mini\":\"articles\\/001-55x55.png \",\"max\":\"articles\\/001-816x282.png \",\"path\":\"articles\\/0081-700x345.jpg\"}', 2, 2, '2020-07-21 21:00:00', '2020-08-25 11:04:12'),
(3, 'Another theme by YIThemes!', 'Fusce nec accumsan eros. Aenean ac orci a magna vestibulum posuere quis nec nisi. Maecenas rutrum vehicula condimentum. Donec volutpat nisl ac mauris consectetur gravida.\r\n\r\nLorem ipsum dolor sit amet, consectetur adipiscing elit. Donec vel vulputate nibh. Pellentesque habitant morbi tristique senectus et netus et malesuada fames ac turpis egestas.\r\n\r\nIn facilisis ornare arcu, sodales facilisis neque blandit ac. Ut blandit ipsum quis arcu adipiscing sit amet semper sem feugiat. Nam sed dapibus arcu. Nullam eleifend molestie lectus. Nullam nec risus purus.', '<p>Fusce rutrum lectus id nibh ullamcorper aliquet. Pellentesque pretium mauris et augue fringilla non bibendum turpis iaculis. Donec sit amet nunc lorem. Sed fringilla vehicula est at pellentesque. Aenean imperdiet elementum arcu id facilisis. Mauris sed leo eros.</p>\\n<p>Duis nulla purus, malesuada in gravida sed, viverra at elit. Praesent nec purus sem, non imperdiet quam. Praesent tincidunt tortor eu libero scelerisque quis consequat justo elementum. Maecenas aliquet facilisis ipsum, commodo eleifend odio ultrices et. Maecenas arcu arcu, luctus a laoreet et, fermentum vel lectus. Cras consectetur ipsum venenatis ligula aliquam hendrerit. Suspendisse rhoncus hendrerit fermentum. Ut eget rhoncus purus.</p>\\n<p>Cras a tellus eu justo lobortis tristique et nec mauris. Etiam tincidunt tellus ut odio elementum adipiscing. Maecenas cursus dolor sit amet leo elementum ut semper velit lobortis. Pellentesque posue</p>\', \'Fusce nec accumsan eros. Aenean ac orci a magna vestibulum posuere quis nec nisi. Maecenas rutrum vehicula condimentum. Donec volutpat nisl ac mauris consectetur gravida.\\r\\n\\r\\nLorem ipsum dolor sit amet, consectetur adipiscing elit. Donec vel vulputate nibh. Pellentesque habitant morbi tristique senectus et netus et malesuada fames ac turpis egestas.\\r\\n\\r\\nIn facilisis ornare arcu, sodales facilisis neque blandit ac. Ut blandit ipsum quis arcu adipiscing sit amet semper sem feugiat. Nam sed dapibus arcu. Nullam eleifend molestie lectus. Nullam nec risus purus', '{\"mini\":\"articles\\/0037-55x55.jpg \",\"max\":\"articles\\/00212-816x282.jpg \",\"path\":\"articles\\/0081-700x345.jpg\"}', 1, 3, '2020-08-20 21:00:00', NULL),
(4, 'Lorem shortcodes &amp; sticky posts!', 'Fusce nec accumsan eros. Aenean ac orci a magna vestibulum posuere quis nec nisi. Maecenas rutrum vehicula condimentum. Donec volutpat nisl ac mauris consectetur gravida.Lorem ipsum dolor sit amet, consectetur adipiscing elit. Donec vel vulputate nibh. Pellentesque habitant morbi tristique senectus et netus et malesuada fames ac turpis egestas.In facilisis ornare arcu, sodales facilisis neque blandit ac. Ut blandit ipsum quis arcu adipiscing sit amet semper sem feugiat. Nam sed dapibus arcu. Nullam eleifend molestie lectus. Nullam nec risus purus.', '<p>Fusce rutrum lectus id nibh ullamcorper aliquet. Pellentesque pretium mauris et augue fringilla non bibendum turpis iaculis. Donec sit amet nunc lorem. Sed fringilla vehicula est at pellentesque. Aenean imperdiet elementum arcu id facilisis. Mauris sed leo eros.</p>\r\n\r\n<p>\\n</p>\r\n\r\n<p>Duis nulla purus, malesuada in gravida sed, viverra at elit. Praesent nec purus sem, non imperdiet quam. Praesent tincidunt tortor eu libero scelerisque quis consequat justo elementum. Maecenas aliquet facilisis ipsum, commodo eleifend odio ultrices et. Maecenas arcu arcu, luctus a laoreet et, fermentum vel lectus. Cras consectetur ipsum venenatis ligula aliquam hendrerit. Suspendisse rhoncus hendrerit fermentum. Ut eget rhoncus purus.</p>\r\n\r\n<p>\\n</p>\r\n\r\n<p>Cras a tellus eu justo lobortis tristique et nec mauris. Etiam tincidunt tellus ut odio elementum adipiscing. Maecenas cursus dolor sit amet leo elementum ut semper velit lobortis. Pellentesque posue</p>\r\n\r\n<p>&#39;, &#39;Fusce nec accumsan eros. Aenean ac orci a magna vestibulum posuere quis nec nisi. Maecenas rutrum vehicula condimentum. Donec volutpat nisl ac mauris consectetur gravida.\\r\\n\\r\\nLorem ipsum dolor sit amet, consectetur adipiscing elit. Donec vel vulputate nibh. Pellentesque habitant morbi tristique senectus et netus et malesuada fames ac turpis egestas.\\r\\n\\r\\nIn facilisis ornare arcu, sodales facilisis neque blandit ac. Ut blandit ipsum quis arcu adipiscing sit amet semper sem feugiat. Nam sed dapibus arcu. Nullam eleifend molestie lectus. Nullam nec risus purus</p>', '{\"mini\":\"articles\\/004-55x55.png \",\"max\":\"articles\\/004-816x282.png \",\"path\":\"articles\\/004-386x155.png \"}', 3, 1, '2020-08-26 21:00:00', NULL);

-- --------------------------------------------------------

--
-- Структура таблицы `categories`
--

CREATE TABLE `categories` (
  `id` bigint(20) UNSIGNED NOT NULL,
  `title` varchar(255) COLLATE utf8mb4_unicode_ci NOT NULL,
  `alias` varchar(255) COLLATE utf8mb4_unicode_ci NOT NULL,
  `created_at` timestamp NULL DEFAULT NULL,
  `updated_at` timestamp NULL DEFAULT NULL
) ENGINE=InnoDB DEFAULT CHARSET=utf8mb4 COLLATE=utf8mb4_unicode_ci;

--
-- Дамп данных таблицы `categories`
--

INSERT INTO `categories` (`id`, `title`, `alias`, `created_at`, `updated_at`) VALUES
(1, 'Компьютеры', 'computers', NULL, NULL),
(2, 'Интересное', 'iteresting', NULL, '2020-08-30 12:29:11'),
(3, 'Советы', 'soveti', NULL, NULL);

-- --------------------------------------------------------

--
-- Структура таблицы `comments`
--

CREATE TABLE `comments` (
  `id` bigint(20) UNSIGNED NOT NULL,
  `name` varchar(255) COLLATE utf8mb4_unicode_ci NOT NULL,
  `email` varchar(255) COLLATE utf8mb4_unicode_ci NOT NULL,
  `site` varchar(255) COLLATE utf8mb4_unicode_ci NOT NULL,
  `text` text COLLATE utf8mb4_unicode_ci NOT NULL,
  `article_id` bigint(20) UNSIGNED DEFAULT NULL,
  `user_id` bigint(20) UNSIGNED DEFAULT NULL,
  `created_at` timestamp NULL DEFAULT NULL,
  `updated_at` timestamp NULL DEFAULT NULL
) ENGINE=InnoDB DEFAULT CHARSET=utf8mb4 COLLATE=utf8mb4_unicode_ci;

--
-- Дамп данных таблицы `comments`
--

INSERT INTO `comments` (`id`, `name`, `email`, `site`, `text`, `article_id`, `user_id`, `created_at`, `updated_at`) VALUES
(1, 'Grant', 'grant@mail.ru', 'http://grant.ru', 'While i’m the author of the post. My comment template is different, something like a “sticky comment”!', 1, 3, '2020-08-19 21:00:00', NULL),
(3, 'Alex', 'alex@mail.ru', 'http://alex.ru', 'While i’m the author of the post. My comment template is different', 2, 2, '2020-08-25 21:00:00', NULL),
(4, 'Test', 'test@mail.ru', 'http://test.ru', 'Lorem ipsum dolor sit amet, consectetur adipisicing elit.', 3, 1, '2020-08-11 11:25:44', '2020-08-11 11:25:44');

-- --------------------------------------------------------

--
-- Структура таблицы `failed_jobs`
--

CREATE TABLE `failed_jobs` (
  `id` bigint(20) UNSIGNED NOT NULL,
  `connection` text COLLATE utf8mb4_unicode_ci NOT NULL,
  `queue` text COLLATE utf8mb4_unicode_ci NOT NULL,
  `payload` longtext COLLATE utf8mb4_unicode_ci NOT NULL,
  `exception` longtext COLLATE utf8mb4_unicode_ci NOT NULL,
  `failed_at` timestamp NOT NULL DEFAULT CURRENT_TIMESTAMP
) ENGINE=InnoDB DEFAULT CHARSET=utf8mb4 COLLATE=utf8mb4_unicode_ci;

-- --------------------------------------------------------

--
-- Структура таблицы `filters`
--

CREATE TABLE `filters` (
  `id` bigint(20) UNSIGNED NOT NULL,
  `title` varchar(255) COLLATE utf8mb4_unicode_ci NOT NULL,
  `alias` varchar(255) COLLATE utf8mb4_unicode_ci NOT NULL,
  `created_at` timestamp NULL DEFAULT NULL,
  `updated_at` timestamp NULL DEFAULT NULL
) ENGINE=InnoDB DEFAULT CHARSET=utf8mb4 COLLATE=utf8mb4_unicode_ci;

--
-- Дамп данных таблицы `filters`
--

INSERT INTO `filters` (`id`, `title`, `alias`, `created_at`, `updated_at`) VALUES
(1, 'Brand Identity', 'brand-identity', NULL, NULL);

-- --------------------------------------------------------

--
-- Структура таблицы `menus`
--

CREATE TABLE `menus` (
  `id` bigint(20) UNSIGNED NOT NULL,
  `name` varchar(255) COLLATE utf8mb4_unicode_ci NOT NULL,
  `path` varchar(255) COLLATE utf8mb4_unicode_ci NOT NULL,
  `created_at` timestamp NULL DEFAULT NULL,
  `updated_at` timestamp NULL DEFAULT NULL
) ENGINE=InnoDB DEFAULT CHARSET=utf8mb4 COLLATE=utf8mb4_unicode_ci;

--
-- Дамп данных таблицы `menus`
--

INSERT INTO `menus` (`id`, `name`, `path`, `created_at`, `updated_at`) VALUES
(1, 'HOME', 'http://corp2.loc', NULL, NULL),
(2, 'BLOG', 'http://corp2.loc/articles', NULL, NULL),
(3, 'PORTFOLIO', 'http://corp2.loc/portfolios', NULL, NULL),
(4, 'CONTACT', 'http://corp2.loc/contacts', NULL, NULL);

-- --------------------------------------------------------

--
-- Структура таблицы `migrations`
--

CREATE TABLE `migrations` (
  `id` int(10) UNSIGNED NOT NULL,
  `migration` varchar(255) COLLATE utf8mb4_unicode_ci NOT NULL,
  `batch` int(11) NOT NULL
) ENGINE=InnoDB DEFAULT CHARSET=utf8mb4 COLLATE=utf8mb4_unicode_ci;

--
-- Дамп данных таблицы `migrations`
--

INSERT INTO `migrations` (`id`, `migration`, `batch`) VALUES
(6, '2014_10_12_000000_create_users_table', 1),
(7, '2014_10_12_100000_create_password_resets_table', 1),
(8, '2019_08_19_000000_create_failed_jobs_table', 1),
(9, '2020_07_31_182100_create_menus_table', 1),
(10, '2020_08_01_064607_create_sliders_table', 1),
(11, '2020_08_01_080555_create_filters_table', 2),
(12, '2020_08_01_080859_create_portfolios_table', 3),
(13, '2020_08_01_082638_create_skills_table', 4),
(14, '2020_08_01_084158_create_skills_table', 5),
(15, '2020_08_01_084518_change_table_portfolios', 6),
(16, '2020_08_01_141828_create_categories_table', 7),
(17, '2020_08_01_142354_create_articles_table', 8),
(18, '2020_08_03_094948_create_comments_table', 9),
(19, '2020_09_03_092521_change_table_users', 10);

-- --------------------------------------------------------

--
-- Структура таблицы `password_resets`
--

CREATE TABLE `password_resets` (
  `email` varchar(255) COLLATE utf8mb4_unicode_ci NOT NULL,
  `token` varchar(255) COLLATE utf8mb4_unicode_ci NOT NULL,
  `created_at` timestamp NULL DEFAULT NULL
) ENGINE=InnoDB DEFAULT CHARSET=utf8mb4 COLLATE=utf8mb4_unicode_ci;

-- --------------------------------------------------------

--
-- Структура таблицы `portfolios`
--

CREATE TABLE `portfolios` (
  `id` bigint(20) UNSIGNED NOT NULL,
  `title` varchar(255) COLLATE utf8mb4_unicode_ci NOT NULL,
  `desc` text COLLATE utf8mb4_unicode_ci NOT NULL,
  `text` text COLLATE utf8mb4_unicode_ci NOT NULL,
  `img` varchar(255) COLLATE utf8mb4_unicode_ci NOT NULL,
  `customer` varchar(255) COLLATE utf8mb4_unicode_ci NOT NULL,
  `filter_alias` varchar(255) COLLATE utf8mb4_unicode_ci NOT NULL,
  `created_at` timestamp NULL DEFAULT NULL,
  `updated_at` timestamp NULL DEFAULT NULL,
  `skill_alias` varchar(255) COLLATE utf8mb4_unicode_ci NOT NULL
) ENGINE=InnoDB DEFAULT CHARSET=utf8mb4 COLLATE=utf8mb4_unicode_ci;

--
-- Дамп данных таблицы `portfolios`
--

INSERT INTO `portfolios` (`id`, `title`, `desc`, `text`, `img`, `customer`, `filter_alias`, `created_at`, `updated_at`, `skill_alias`) VALUES
(1, 'Steep This', 'Nullam volutpat, mauris scelerisque iaculis semper, justo odio rutrum urna, at cursus urna nisl et ipsum. Donec dapibus lacus nec sapien', 'Nullam volutpat, mauris scelerisque iaculis semper, justo odio rutrum urna, at cursus urna nisl et ipsum. Donec dapibus lacus nec sapien faucibus eget suscipit lorem mattis.\\r\\n\\r\\nDonec non mauris ac nulla consectetur pretium sit amet rhoncus neque. Maecenas aliquet, diam sed rhoncus vestibulum, sem lacus ultrices est, eu hendrerit tortor nulla in dui. Suspendisse enim purus, euismod interdum viverra eget, ultricies eu est. Maecenas dignissim mauris id est semper suscipit. Suspendisse venenatis vestibulum quam, quis porttitor arcu vestibulum et.\\r\\n\\r\\nSed porttitor eros ut purus elementum a consectetur purus vulputate', '{\"mini\":\"portfolios\\/0061-175x175.jpg\",\"max\":\"portfolios\\/0061-770x368.jpg\",\"path\":\"portfolios\\/0061.jpg\"}', 'Customer 1', 'brand-identity', '2020-08-19 21:00:00', NULL, 'illustrator'),
(2, 'Kineda', 'Nullam volutpat, mauris scelerisque iaculis semper, justo odio rutrum urna, at cursus urna nisl et ipsum. Donec dapibus lacus nec sapien', 'Nullam volutpat, mauris scelerisque iaculis semper, justo odio rutrum urna, at cursus urna nisl et ipsum. Donec dapibus lacus nec sapien faucibus eget suscipit lorem mattis.\\r\\n\\r\\nDonec non mauris ac nulla consectetur pretium sit amet rhoncus neque. Maecenas aliquet, diam sed rhoncus vestibulum, sem lacus ultrices est, eu hendrerit tortor nulla in dui. Suspendisse enim purus, euismod interdum viverra eget, ultricies eu est. Maecenas dignissim mauris id est semper suscipit. Suspendisse venenatis vestibulum quam, quis porttitor arcu vestibulum et.\\r\\n\\r\\nSed porttitor eros ut purus elementum a consectetur purus vulputate', '{\"mini\":\"portfolios\\/009-175x175.jpg\",\"max\":\"portfolios\\/009-770x368.jpg\",\"path\":\"portfolios\\/009.jpg\"}', 'Customer 2', 'brand-identity', '2020-08-24 21:00:00', NULL, 'in-design'),
(3, 'Love', 'Nullam volutpat, mauris scelerisque iaculis semper, justo odio rutrum urna, at cursus urna nisl et ipsum. Donec dapibus lacus nec sapien', 'Nullam volutpat, mauris scelerisque iaculis semper, justo odio rutrum urna, at cursus urna nisl et ipsum. Donec dapibus lacus nec sapien faucibus eget suscipit lorem mattis.\\r\\n\\r\\nDonec non mauris ac nulla consectetur pretium sit amet rhoncus neque. Maecenas aliquet, diam sed rhoncus vestibulum, sem lacus ultrices est, eu hendrerit tortor nulla in dui. Suspendisse enim purus, euismod interdum viverra eget, ultricies eu est. Maecenas dignissim mauris id est semper suscipit. Suspendisse venenatis vestibulum quam, quis porttitor arcu vestibulum et.\\r\\n\\r\\nSed porttitor eros ut purus elementum a consectetur purus vulputate', '{\"mini\":\"portfolios\\/0011-175x175.jpg\",\"max\":\"portfolios\\/0043-770x368.jpg\",\"path\":\"portfolios\\/0043.jpg\"}', 'Customer 3', 'brand-identity', '2020-08-25 21:00:00', NULL, 'illustrator'),
(4, 'Guanacos', 'Nullam volutpat, mauris scelerisque iaculis semper, justo odio rutrum urna, at cursus urna nisl et ipsum. Donec dapibus lacus nec sapien', 'Nullam volutpat, mauris scelerisque iaculis semper, justo odio rutrum urna, at cursus urna nisl et ipsum. Donec dapibus lacus nec sapien faucibus eget suscipit lorem mattis.\\r\\n\\r\\nDonec non mauris ac nulla consectetur pretium sit amet rhoncus neque. Maecenas aliquet, diam sed rhoncus vestibulum, sem lacus ultrices est, eu hendrerit tortor nulla in dui. Suspendisse enim purus, euismod interdum viverra eget, ultricies eu est. Maecenas dignissim mauris id est semper suscipit. Suspendisse venenatis vestibulum quam, quis porttitor arcu vestibulum et.\\r\\n\\r\\nSed porttitor eros ut purus elementum a consectetur purus vulputate', '{\"mini\":\"portfolios\\/0027-175x175.jpg\",\"max\":\"portfolios\\/0027-770x368.jpg\",\"path\":\"portfolios\\/0027.jpg\"}', 'Customer 4', 'brand-identity', '2020-08-27 21:00:00', NULL, 'photoshop'),
(5, 'Miller Bob', 'Nullam volutpat, mauris scelerisque iaculis semper, justo odio rutrum urna, at cursus urna nisl et ipsum. Donec dapibus lacus nec sapien', 'Nullam volutpat, mauris scelerisque iaculis semper, justo odio rutrum urna, at cursus urna nisl et ipsum. Donec dapibus lacus nec sapien faucibus eget suscipit lorem mattis.\\r\\n\\r\\nDonec non mauris ac nulla consectetur pretium sit amet rhoncus neque. Maecenas aliquet, diam sed rhoncus vestibulum, sem lacus ultrices est, eu hendrerit tortor nulla in dui. Suspendisse enim purus, euismod interdum viverra eget, ultricies eu est. Maecenas dignissim mauris id est semper suscipit. Suspendisse venenatis vestibulum quam, quis porttitor arcu vestibulum et.\\r\\n\\r\\nSed porttitor eros ut purus elementum a consectetur purus vulputate', '{\"mini\":\"portfolios\\/0071-175x175.jpg\",\"max\":\"portfolios\\/0071-770x368.jpg\",\"path\":\"portfolios\\/0071.jpg\"}', 'Customer 5', 'brand-identity', '2020-08-29 21:00:00', NULL, 'in-design');

-- --------------------------------------------------------

--
-- Структура таблицы `skills`
--

CREATE TABLE `skills` (
  `id` bigint(20) UNSIGNED NOT NULL,
  `title` varchar(255) COLLATE utf8mb4_unicode_ci NOT NULL,
  `alias` varchar(255) COLLATE utf8mb4_unicode_ci NOT NULL,
  `created_at` timestamp NULL DEFAULT NULL,
  `updated_at` timestamp NULL DEFAULT NULL
) ENGINE=InnoDB DEFAULT CHARSET=utf8mb4 COLLATE=utf8mb4_unicode_ci;

--
-- Дамп данных таблицы `skills`
--

INSERT INTO `skills` (`id`, `title`, `alias`, `created_at`, `updated_at`) VALUES
(1, 'Illustrator', 'illustrator', NULL, NULL),
(2, 'InDesign', 'in-design', NULL, NULL),
(3, 'Photoshop', 'photoshop', NULL, NULL);

-- --------------------------------------------------------

--
-- Структура таблицы `sliders`
--

CREATE TABLE `sliders` (
  `id` bigint(20) UNSIGNED NOT NULL,
  `title` varchar(255) COLLATE utf8mb4_unicode_ci NOT NULL,
  `text` text COLLATE utf8mb4_unicode_ci NOT NULL,
  `img` varchar(255) COLLATE utf8mb4_unicode_ci NOT NULL,
  `created_at` timestamp NULL DEFAULT NULL,
  `updated_at` timestamp NULL DEFAULT NULL
) ENGINE=InnoDB DEFAULT CHARSET=utf8mb4 COLLATE=utf8mb4_unicode_ci;

--
-- Дамп данных таблицы `sliders`
--

INSERT INTO `sliders` (`id`, `title`, `text`, `img`, `created_at`, `updated_at`) VALUES
(1, 'CORPORATE, MULTIPURPOSE.. <br /><span>PINK RIO</span>', 'Nam id quam a odio euismod pellentesque. Etiam congue rutrum risus non vestibulum. Quisque a diam at ligula blandit consequat. Mauris ac mi velit, a tempor neque', 'slider/xx.jpg', NULL, NULL),
(3, 'CORPORATE, MULTIPURPOSE.. <br /><span>PINK RIO</span>', 'Nam id quam a odio euismod pellentesque. Etiam congue rutrum risus non vestibulum. Quisque a diam at ligula blandit consequat. Mauris ac mi velit, a tempor neque', 'slider/dd.jpg', NULL, NULL),
(9, 'CORPORATE, MULTIPURPOSE.. <br /><span>PINK RIO</span>', 'Nam id quam a odio euismod pellentesque. Etiam congue rutrum risus non vestibulum. Quisque a diam at ligula blandit consequat. Mauris ac mi velit, a tempor neque', 'slider/MwYh6W2KejcwlCVVI9YXPNxnOY5BuOMIQ5IoKdw0.jpeg', '2020-08-24 15:45:47', '2020-08-24 17:02:23');

-- --------------------------------------------------------

--
-- Структура таблицы `users`
--

CREATE TABLE `users` (
  `id` bigint(20) UNSIGNED NOT NULL,
  `name` varchar(255) COLLATE utf8mb4_unicode_ci NOT NULL,
  `email` varchar(255) COLLATE utf8mb4_unicode_ci NOT NULL,
  `email_verified_at` timestamp NULL DEFAULT NULL,
  `password` varchar(255) COLLATE utf8mb4_unicode_ci NOT NULL,
  `remember_token` varchar(100) COLLATE utf8mb4_unicode_ci DEFAULT NULL,
  `created_at` timestamp NULL DEFAULT NULL,
  `updated_at` timestamp NULL DEFAULT NULL,
  `is_admin` tinyint(4) NOT NULL DEFAULT '0'
) ENGINE=InnoDB DEFAULT CHARSET=utf8mb4 COLLATE=utf8mb4_unicode_ci;

--
-- Дамп данных таблицы `users`
--

INSERT INTO `users` (`id`, `name`, `email`, `email_verified_at`, `password`, `remember_token`, `created_at`, `updated_at`, `is_admin`) VALUES
(1, 'Admin', 'admin@mail.ru', NULL, '$2y$10$MGrfM/30fuqsf0i2ze2u2ujd1xEX6OQniX9uP6cAKr7WPyk1eevU2', 'GqCRXmreTuPEtQ4jBUa6SiHLtEOGHpr2zbZ3aTomWEN6VwhPjc9bcys4kZPQ', '2020-08-01 11:14:32', '2020-08-01 11:14:32', 1),
(2, 'User 1', 'user1@mail.ru', NULL, '$2y$10$Jz4.ZRwRkXoGWIuiEthHgePulEigIn.iNg7noEz1rylMNSYjLjhla', NULL, '2020-08-01 11:17:35', '2020-09-03 07:26:42', 0),
(3, 'Grant', 'grant@mail.ru', NULL, '$2y$10$sbZw.L30XZDkuIXwtf/YvOJ33VJOjoHys4501rvTafUvGN5HJ2lSK', NULL, '2020-08-03 07:04:55', '2020-08-03 07:04:55', 0);

--
-- Индексы сохранённых таблиц
--

--
-- Индексы таблицы `articles`
--
ALTER TABLE `articles`
  ADD PRIMARY KEY (`id`),
  ADD KEY `articles_user_id_foreign` (`user_id`),
  ADD KEY `articles_category_id_foreign` (`category_id`);

--
-- Индексы таблицы `categories`
--
ALTER TABLE `categories`
  ADD PRIMARY KEY (`id`);

--
-- Индексы таблицы `comments`
--
ALTER TABLE `comments`
  ADD PRIMARY KEY (`id`),
  ADD KEY `comments_article_id_foreign` (`article_id`),
  ADD KEY `comments_user_id_foreign` (`user_id`);

--
-- Индексы таблицы `failed_jobs`
--
ALTER TABLE `failed_jobs`
  ADD PRIMARY KEY (`id`);

--
-- Индексы таблицы `filters`
--
ALTER TABLE `filters`
  ADD PRIMARY KEY (`id`),
  ADD UNIQUE KEY `filters_alias_unique` (`alias`);

--
-- Индексы таблицы `menus`
--
ALTER TABLE `menus`
  ADD PRIMARY KEY (`id`);

--
-- Индексы таблицы `migrations`
--
ALTER TABLE `migrations`
  ADD PRIMARY KEY (`id`);

--
-- Индексы таблицы `password_resets`
--
ALTER TABLE `password_resets`
  ADD KEY `password_resets_email_index` (`email`);

--
-- Индексы таблицы `portfolios`
--
ALTER TABLE `portfolios`
  ADD PRIMARY KEY (`id`),
  ADD KEY `portfolios_filter_alias_foreign` (`filter_alias`),
  ADD KEY `portfolios_skill_alias_foreign` (`skill_alias`);

--
-- Индексы таблицы `skills`
--
ALTER TABLE `skills`
  ADD PRIMARY KEY (`id`),
  ADD UNIQUE KEY `skills_alias_unique` (`alias`);

--
-- Индексы таблицы `sliders`
--
ALTER TABLE `sliders`
  ADD PRIMARY KEY (`id`);

--
-- Индексы таблицы `users`
--
ALTER TABLE `users`
  ADD PRIMARY KEY (`id`),
  ADD UNIQUE KEY `users_email_unique` (`email`);

--
-- AUTO_INCREMENT для сохранённых таблиц
--

--
-- AUTO_INCREMENT для таблицы `articles`
--
ALTER TABLE `articles`
  MODIFY `id` bigint(20) UNSIGNED NOT NULL AUTO_INCREMENT, AUTO_INCREMENT=6;

--
-- AUTO_INCREMENT для таблицы `categories`
--
ALTER TABLE `categories`
  MODIFY `id` bigint(20) UNSIGNED NOT NULL AUTO_INCREMENT, AUTO_INCREMENT=5;

--
-- AUTO_INCREMENT для таблицы `comments`
--
ALTER TABLE `comments`
  MODIFY `id` bigint(20) UNSIGNED NOT NULL AUTO_INCREMENT, AUTO_INCREMENT=11;

--
-- AUTO_INCREMENT для таблицы `failed_jobs`
--
ALTER TABLE `failed_jobs`
  MODIFY `id` bigint(20) UNSIGNED NOT NULL AUTO_INCREMENT;

--
-- AUTO_INCREMENT для таблицы `filters`
--
ALTER TABLE `filters`
  MODIFY `id` bigint(20) UNSIGNED NOT NULL AUTO_INCREMENT, AUTO_INCREMENT=5;

--
-- AUTO_INCREMENT для таблицы `menus`
--
ALTER TABLE `menus`
  MODIFY `id` bigint(20) UNSIGNED NOT NULL AUTO_INCREMENT, AUTO_INCREMENT=6;

--
-- AUTO_INCREMENT для таблицы `migrations`
--
ALTER TABLE `migrations`
  MODIFY `id` int(10) UNSIGNED NOT NULL AUTO_INCREMENT, AUTO_INCREMENT=20;

--
-- AUTO_INCREMENT для таблицы `portfolios`
--
ALTER TABLE `portfolios`
  MODIFY `id` bigint(20) UNSIGNED NOT NULL AUTO_INCREMENT, AUTO_INCREMENT=8;

--
-- AUTO_INCREMENT для таблицы `skills`
--
ALTER TABLE `skills`
  MODIFY `id` bigint(20) UNSIGNED NOT NULL AUTO_INCREMENT, AUTO_INCREMENT=5;

--
-- AUTO_INCREMENT для таблицы `sliders`
--
ALTER TABLE `sliders`
  MODIFY `id` bigint(20) UNSIGNED NOT NULL AUTO_INCREMENT, AUTO_INCREMENT=11;

--
-- AUTO_INCREMENT для таблицы `users`
--
ALTER TABLE `users`
  MODIFY `id` bigint(20) UNSIGNED NOT NULL AUTO_INCREMENT, AUTO_INCREMENT=4;

--
-- Ограничения внешнего ключа сохраненных таблиц
--

--
-- Ограничения внешнего ключа таблицы `articles`
--
ALTER TABLE `articles`
  ADD CONSTRAINT `articles_category_id_foreign` FOREIGN KEY (`category_id`) REFERENCES `categories` (`id`),
  ADD CONSTRAINT `articles_user_id_foreign` FOREIGN KEY (`user_id`) REFERENCES `users` (`id`);

--
-- Ограничения внешнего ключа таблицы `comments`
--
ALTER TABLE `comments`
  ADD CONSTRAINT `comments_article_id_foreign` FOREIGN KEY (`article_id`) REFERENCES `articles` (`id`),
  ADD CONSTRAINT `comments_user_id_foreign` FOREIGN KEY (`user_id`) REFERENCES `users` (`id`);

--
-- Ограничения внешнего ключа таблицы `portfolios`
--
ALTER TABLE `portfolios`
  ADD CONSTRAINT `portfolios_filter_alias_foreign` FOREIGN KEY (`filter_alias`) REFERENCES `filters` (`alias`),
  ADD CONSTRAINT `portfolios_skill_alias_foreign` FOREIGN KEY (`skill_alias`) REFERENCES `skills` (`alias`);
COMMIT;

/*!40101 SET CHARACTER_SET_CLIENT=@OLD_CHARACTER_SET_CLIENT */;
/*!40101 SET CHARACTER_SET_RESULTS=@OLD_CHARACTER_SET_RESULTS */;
/*!40101 SET COLLATION_CONNECTION=@OLD_COLLATION_CONNECTION */;
